{
  "loss": [
    0.914603958427906,
    0.5994740912318229,
    0.4082479354739189,
    0.2415739612095058,
    0.14250981458462775
  ],
  "accuracy": [
    0.5471167369901547,
    0.7637130801687764,
    0.8513830285982185,
    0.9156118143459916,
    0.9503047351148617
  ],
  "val_loss": [
    0.6838746434450149,
    0.5849296462535858,
    0.6158247628808021,
    0.6353633874654769,
    0.7432244476675988
  ],
  "val_accuracy": [
    0.7175,
    0.775625,
    0.796875,
    0.820625,
    0.80125
  ],
  "lr": [
    0.001,
    0.001,
    0.001,
    0.001,
    0.001,
    0.001
  ]
}