{
  "loss": [
    1.4896716806292534,
    1.0950720486044885,
    0.9833372050523758,
    0.9100643333792686,
    0.8252587804198265
  ],
  "accuracy": [
    0.4025629004531958,
    0.4702297233942804,
    0.5319581184560087,
    0.5775902484763245,
    0.6249413970932959
  ],
  "val_loss": [
    0.9761442494392395,
    0.9580664134025574,
    0.8868675684928894,
    0.8189781153202057,
    0.7952941930294037
  ],
  "val_accuracy": [
    0.449375,
    0.505625,
    0.546875,
    0.63625,
    0.615625
  ],
  "lr": [
    0.0005,
    0.0005,
    0.0005,
    0.0005,
    0.0005,
    0.0005
  ]
}