{
  "loss": [
    0.9876583534479141,
    0.7283484911918641,
    0.5210917045176029,
    0.37241599228233097,
    0.26584401044994593
  ],
  "accuracy": [
    0.48429442100328174,
    0.6902641037662135,
    0.7999687451164245,
    0.8618534145960306,
    0.9027973120800125
  ],
  "val_loss": [
    0.8482510626316071,
    0.7186103004217148,
    0.6135111838579178,
    0.603487852215767,
    0.6696570590138435
  ],
  "val_accuracy": [
    0.6,
    0.72125,
    0.7775,
    0.799375,
    0.816875
  ],
  "lr": [
    0.0005,
    0.0005,
    0.0005,
    0.0005,
    0.0005,
    0.0005
  ]
}