{
  "loss": [
    0.9803341197967529,
    0.7326961335539818,
    0.5324008361250162,
    0.3841319119930267,
    0.28200914938002825
  ],
  "accuracy": [
    0.48491951867479294,
    0.6924519456165026,
    0.7921550242225348,
    0.8602906704172527,
    0.9049851539303017
  ],
  "val_loss": [
    0.8546670925617218,
    0.6516746282577515,
    0.626270581483841,
    0.6571932324767112,
    0.6384716856479645
  ],
  "val_accuracy": [
    0.63125,
    0.751875,
    0.7775,
    0.7925,
    0.813125
  ],
  "lr": [
    0.0005,
    0.0005,
    0.0005,
    0.0005,
    0.0005,
    0.0005
  ]
}