{
  "loss": [
    1.076906265258789,
    1.0752408578395845,
    1.0752998642921447,
    1.074848317861557,
    1.075044671535492
  ],
  "accuracy": [
    0.41067633454181773,
    0.4153019127390924,
    0.4153019127390924,
    0.4153019127390924,
    0.4153019127390924
  ],
  "val_loss": [],
  "val_accuracy": [],
  "lr": [
    0.001,
    0.001,
    0.001,
    0.001,
    0.001,
    0.001
  ]
}