{
  "loss": [
    1.1005359184741974,
    1.09915402084589,
    1.099228328168392
  ],
  "accuracy": [
    0.35693077043288013,
    0.3792780121894046,
    0.369901547116737
  ],
  "val_loss": [
    1.0986349749565125,
    1.0989487075805664,
    1.0985793161392212
  ],
  "val_accuracy": [
    0.3475,
    0.236875,
    0.415625
  ],
  "lr": [
    0.001,
    0.001,
    0.001,
    0.001
  ]
}