{
  "loss": [
    0.9285320949554443,
    0.6238565602898598,
    0.41315776739269494
  ],
  "accuracy": [
    0.5519612439443663,
    0.7537115174245976,
    0.8482575402406626
  ],
  "val_loss": [
    0.728420359492302,
    0.5815846902132035,
    0.5454755601286888
  ],
  "val_accuracy": [
    0.698125,
    0.76375,
    0.825625
  ],
  "lr": [
    0.001,
    0.001,
    0.001,
    0.001
  ]
}