{
  "loss": [
    1.5300221747159959,
    1.101463955938816,
    0.9914695855975151,
    0.9106827494502068,
    0.8366274954378605
  ],
  "accuracy": [
    0.3916236912017503,
    0.4666354117830911,
    0.525707141740897,
    0.5764963275511799,
    0.6325988435693077
  ],
  "val_loss": [
    0.9760448038578033,
    0.936037460565567,
    0.8653187286853791,
    0.8115141308307647,
    0.7735754001140595
  ],
  "val_accuracy": [
    0.44375,
    0.52375,
    0.6125,
    0.63875,
    0.664375
  ],
  "lr": [
    0.0005,
    0.0005,
    0.0005,
    0.0005,
    0.0005,
    0.0005
  ]
}