{
  "loss": [
    1.452962274913166,
    1.02737749887082
  ],
  "accuracy": [
    0.4654707433108088,
    0.540256355868004
  ],
  "val_loss": [
    1.4725535910418146,
    0.9166054472798479
  ],
  "val_accuracy": [
    0.47300245432233434,
    0.5733569675484047
  ],
  "lr": [
    0.0,
    2.0202020202020204e-08,
    4.040404040404041e-08
  ]
}