{
  "loss": [
    1.077670135498047,
    1.0754790776968002,
    1.0749397826194764,
    1.0747683727741242,
    1.0750536519289016
  ],
  "accuracy": [
    0.40678230973589624,
    0.412251914361619,
    0.4152211283012971,
    0.4152211283012971,
    0.4152211283012971
  ],
  "val_loss": [
    1.0736366963386537,
    1.0736956644058226,
    1.074096884727478,
    1.0735068249702453,
    1.073490903377533
  ],
  "val_accuracy": [
    0.415625,
    0.415625,
    0.415625,
    0.415625,
    0.415625
  ]
}