{
  "loss": [
    0.4474205182225335,
    0.19130901184584373,
    0.13700635504303216,
    0.10762583670496335
  ],
  "accuracy": [
    0.8346021093000959,
    0.9453499520613614,
    0.9610738255033557,
    0.9700479386385427
  ],
  "val_loss": [
    0.22389544815602114,
    0.15666903677207927,
    0.13137241614913922,
    0.11670578342213929
  ],
  "val_accuracy": [
    0.9378331735378715,
    0.9597698945349952,
    0.9692042186001918,
    0.9719654841802493
  ],
  "lr": [
    0.0005,
    0.0005,
    0.0005,
    0.0005,
    0.0005
  ]
}