{
  "loss": [
    0.9743328687548637,
    0.7070360648632049,
    0.49916238807141783,
    0.3637781121581793,
    0.2530945266596973,
    0.18380261356942357,
    0.14115221512969583,
    0.10553096811985598,
    0.08122480699443259,
    0.06837866650719661
  ],
  "accuracy": [
    0.48945147679324896,
    0.7088607594936709,
    0.8084075636818253,
    0.8648226285357087,
    0.9090482887951242,
    0.9368651351773715,
    0.9548366932333177,
    0.9628066885450852,
    0.9726519768713862,
    0.9773402094077199
  ],
  "val_loss": [
    0.8196487843990325,
    0.6314702749252319,
    0.580950095653534,
    0.5681809625029564,
    0.6706916978955269,
    0.7278446730971336,
    0.7510226000845432,
    0.9615976625680923,
    1.0164104580879212,
    1.0989672368764878
  ],
  "val_accuracy": [
    0.638125,
    0.7525,
    0.761875,
    0.788125,
    0.8025,
    0.806875,
    0.818125,
    0.81125,
    0.82125,
    0.830625
  ],
  "lr": [
    0.0005,
    0.0005,
    0.0005,
    0.0005,
    0.0005,
    0.0005,
    0.0005,
    0.0005,
    0.0005,
    0.0005,
    0.0005
  ]
}