{
  "loss": [
    1.022484349310398,
    0.6147420203685761,
    0.3734330767765641,
    0.2573146355245262,
    0.22312689381185918
  ],
  "accuracy": [
    0.4869510861072042,
    0.7679324894514767,
    0.8682606657290202,
    0.9156118143459916,
    0.9298327863728708
  ],
  "val_loss": [
    0.714369700551033,
    0.5274018028378487,
    0.5387305358052253,
    0.5898030063509941,
    0.6215621858835221
  ],
  "val_accuracy": [
    0.719375,
    0.814375,
    0.843125,
    0.83,
    0.836875
  ],
  "lr": [
    0.01,
    0.01,
    0.01,
    0.01,
    0.01,
    0.01
  ]
}