{
  "loss": [
    0.9869782462716102,
    0.7130838415026665,
    0.5295224288105964,
    0.4010000428557396,
    0.2830359571799636
  ],
  "accuracy": [
    0.4905453977183935,
    0.6949523363025473,
    0.7929363963119237,
    0.8499765588373184,
    0.8968588842006564
  ],
  "val_loss": [
    0.8475830674171447,
    0.6634284275770187,
    0.5994951391220092,
    0.6336047381162644,
    0.6245186746120452
  ],
  "val_accuracy": [
    0.639375,
    0.726875,
    0.77875,
    0.789375,
    0.79875
  ],
  "lr": [
    0.0005,
    0.0005,
    0.0005,
    0.0005,
    0.0005,
    0.0005
  ]
}