{
  "loss": [
    0.9972049486637116,
    0.8291256988048553,
    0.6917504578828811,
    0.5863584904372692,
    0.4872928369790316
  ],
  "accuracy": [
    0.49460853258321613,
    0.6325988435693077,
    0.7082356618221597,
    0.7635568057508986,
    0.810126582278481
  ],
  "val_loss": [
    0.8713215637207031,
    0.7856746196746827,
    0.7029272681474685,
    0.6958729618787766,
    0.6303905963897705
  ],
  "val_accuracy": [
    0.609375,
    0.65,
    0.746875,
    0.766875,
    0.77
  ],
  "lr": [
    0.0005,
    0.0005,
    0.0005,
    0.0005,
    0.0005,
    0.0005
  ]
}