{
  "loss": [
    1.159447808265686,
    1.084678446650505,
    0.8576755867898465,
    0.6597571498155594,
    0.6017370575666428,
    0.5545987152308226,
    0.5456458042562008,
    0.45645025581121446,
    0.3080540223792195,
    0.23068712080828846,
    0.17031290328130125,
    0.11808728420408443,
    0.09165804522286634,
    0.08003111880971119,
    0.05491561916889623,
    0.049049689802341166,
    0.05031250827887561,
    0.0455113916809205,
    0.05149790948984446,
    0.030857728905539263
  ],
  "accuracy": [
    0.3266135333645882,
    0.4025629004531958,
    0.5572745741522113,
    0.6410376621347086,
    0.6499453039537427,
    0.6760431317393343,
    0.6780746991717456,
    0.7941865916549461,
    0.8829504610095328,
    0.9253008282544147,
    0.9431161118924832,
    0.9671823722456634,
    0.9746835443037974,
    0.9774964838255977,
    0.9849976558837318,
    0.9873417721518988,
    0.9868729488982654,
    0.9874980465697766,
    0.9854664791373652,
    0.9912486325988435
  ],
  "val_loss": [
    1.1031331658363341,
    0.9499932312965393,
    0.8314347887039184,
    0.7697219228744507,
    0.8295348620414734,
    0.8194592541456223,
    0.8505026423931121,
    0.7755866527557373,
    0.8636704003810882,
    0.9956782430410385,
    0.94997722864151,
    0.965072805583477,
    1.2126807570457458,
    0.9498660482466221,
    1.0061560198664665,
    1.0130400143563747,
    1.0700075685977937,
    1.165632192194462,
    1.0769934506714345,
    1.2831580425053835
  ],
  "val_accuracy": [
    0.236875,
    0.576875,
    0.488125,
    0.685,
    0.48875,
    0.668125,
    0.685,
    0.755,
    0.751875,
    0.769375,
    0.754375,
    0.7775,
    0.725625,
    0.783125,
    0.76875,
    0.79125,
    0.771875,
    0.7825,
    0.779375,
    0.77875
  ],
  "lr": [
    0.01,
    0.01,
    0.01,
    0.01,
    0.01,
    0.01,
    0.01,
    0.005,
    0.005,
    0.005,
    0.005,
    0.005,
    0.005,
    0.005,
    0.005,
    0.005,
    0.005,
    0.005,
    0.005,
    0.0025,
    0.0025
  ]
}