{
  "loss": [
    0.9508884695172309,
    0.5701511195302009,
    0.3445505233481526,
    0.17572874489240348,
    0.10300881371134891,
    0.057819521241472105,
    0.03454338612471474,
    0.017123113072593697,
    0.006476437591663853,
    0.0023479890135058665
  ],
  "accuracy": [
    0.5247694952336303,
    0.7776215033599,
    0.8785747773089545,
    0.9421784653852164,
    0.9696827629317081,
    0.9821847163619315,
    0.9896858884200657,
    0.994686669792155,
    0.9976558837318331,
    0.9993749023284888
  ],
  "val_loss": [
    0.7380792832374573,
    0.5959255534410477,
    0.5661102803051472,
    0.704731593132019,
    0.7087625031173229,
    0.9303003305196762,
    1.0567340835928918,
    1.3227619087696076,
    1.2921434766054154,
    1.3979781293869018
  ],
  "val_accuracy": [
    0.706875,
    0.74875,
    0.81875,
    0.806875,
    0.819375,
    0.818125,
    0.81625,
    0.813125,
    0.818125,
    0.82375
  ],
  "lr": [
    0.001,
    0.001,
    0.001,
    0.001,
    0.001,
    0.001,
    0.001,
    0.001,
    0.0005,
    0.0005,
    0.0005
  ]
}