{
  "loss": [
    1.4779324966669083,
    1.1144370701909065,
    0.9795785596966744,
    0.9165723961591721,
    0.8410441127419471
  ],
  "accuracy": [
    0.4030317237068292,
    0.45538365369588996,
    0.5352398812314424,
    0.573370839193624,
    0.6229098296608845
  ],
  "val_loss": [
    0.9627068054676056,
    0.9021402597427368,
    0.8410791349411011,
    0.8018715071678162,
    0.758915274143219
  ],
  "val_accuracy": [
    0.5425,
    0.604375,
    0.6375,
    0.65,
    0.66625
  ],
  "lr": [
    0.0005,
    0.0005,
    0.0005,
    0.0005,
    0.0005,
    0.0005
  ]
}